100080,Savannah,Lynch
100048,Hilda,Booker
100042,Addison,Williams
100077,Burton,Hewitt
100084,Marsden,Stanley
100018,Luke,Stein
100069,Rigel,Richardson
100039,Rachel,Sims
100036,Amir,Callahan
100082,Ciara,Soto
100076,Mollie,Waters
100030,Blair,Carey
100093,Phelan,Garner
100066,Wallace,Townsend
100100,Roary,Frank
100047,Neil,Underwood
100020,Dennis,Bryant
100006,Daquan,Dotson
100009,Simone,Holden
100015,Ulla,Hays
100003,Alfreda,Anderson
100074,Cheyenne,Hardin
100057,Baxter,Medina
100050,Demetrius,Peterson
100051,Connor,Whitley
100008,Amena,Woodard
100065,Eugenia,Wells
100017,Damian,Singleton
100021,Phyllis,Wright
100043,Georgia,Park
100059,Fatima,Holloway
100010,Dorothy,Hanson
100085,Chase,Dunn
100004,Gretchen,Turner
100023,Quemby,Guy
100019,Jenna,Reeves
100086,Myles,Stuart
100096,Cain,Brown
100068,Adrian,Farrell
100041,Linus,Parks
100067,Jelani,Ellis
100026,Malachi,Roth
100073,Jasper,Lowery
100081,Cameron,George
100045,Conan,Fowler
100049,Nina,Townsend
100014,Howard,Ramsey
100034,Bianca,Sheppard
100013,Carson,Farley
100091,Quentin,Stuart
100044,Gavin,Knight
100079,Ariel,Vaughn
100099,Heather,Newman
100098,Gillian,Simon
100075,Roth,Mcgee
100022,Gannon,Burnett
100002,Jeremy,Barnes
100097,Wing,Lowery
100053,Oren,Ingram
100063,Shafira,Cameron
100037,Rana,Murphy
100027,Zephania,Cash
100033,Jasper,Jennings
100094,Odette,Sullivan
100024,Kalia,Dunlap
100083,Amaya,Trevino
100064,Melissa,Lowery
100016,Stephen,Patrick
100092,Leonard,Pate
100095,Camilla,Holmes
100088,Price,Ferrell
100060,Ulric,Stephenson
100087,Adam,Pruitt
100052,Destiny,Herring
100038,Lareina,Gilliam
100029,Astra,Becker
100054,Raya,Ellis
100012,Alfonso,Spencer
100078,Rhiannon,Sparks
100058,Anne,Blevins
100035,Cadman,Gentry
100072,Neville,Dawson
100071,Naida,Case
100001,Wilma,Potter
100061,Abel,Ferrell
100040,Logan,Lawrence
100011,Tad,Cole
100007,Norman,Wallace
100056,Dieter,Lucas
100032,Ebony,Patterson
100089,Callie,Price
100090,Fay,Richard
100005,Leo,Gillespie
100062,Dane,Fischer
100028,Cassady,Glenn
100055,Callie,Holder
100070,Wing,Morrison
100025,Claudia,Cochran
100031,Nolan,Livingston
100046,Rylee,Warner
