1675563246-1,Makita,18V LXT Lithium-Ion Brushless 1/4 in. Cordless Impact Driver (Tool Only),100
1675563249-2,Milwaukee,M18 18V Lithium-Ion Brushless Cordless 1/4 in. Impact Driver (Tool Only),100
1675563252-3,Makita,18V LXT Lithium-Ion Cordless Angle Impact Driver (Tool-Only),100
1675563255-4,Makita,18V LXT Lithium-Ion Brushless Cordless Hybrid 4-Function Impact Hammer Driver Drill (Tool Only),100
1675563258-5,Makita,18V LXT Lithium-Ion Brushless 1/4 in. Cordless Quick-Shift Mode 3-Speed Impact Driver (Tool Only),100
1675563261-6,Makita,18V LXT Lithium-Ion 1/4 in. Oil-Impulse Brushless Cordless 3-Speed Impact Driver (Tool-Only),100
1675563264-7,Milwaukee,M12 12V Lithium-Ion Cordless 1/4 in. Right Angle Hex Impact Driver (Tool-Only),100
1675563266-8,Makita,18V LXT Lithium-Ion 1/4 in. Cordless Impact Driver (Tool-Only),100
1675563269-9,DEWALT,20V MAX Cordless 1/4 in. Impact Driver (Tool Only),100
1675563272-10,XtremepowerUS,20-Volt 1/4 in. Brushless Cordless Impact Driver Lithium-Ion Battery 2.0 Ah with Charger and Bag,100
1675563275-11,RIDGID,18V Cordless 1/4 in. Impact Driver (Tool Only),100
1675563278-12,RYOBI,ONE+ 18V Cordless 1/4 in. Impact Driver (Tool Only) with 50-Piece Impact Driving Set,100
1675563702-25,Makita,40V max XGT Brushless Cordless 4-Speed Impact Driver (Tool Only) with bonus 40V Max XGT 4.0Ah Battery,100
1675563705-26,DEWALT,ATOMIC 20V MAX Cordless Brushless Compact 1/4 in. Impact Driver and (1) 20V Lithium-Ion 4.0Ah Battery,100
1675563707-27,RYOBI,ONE+ HP 18V Brushless Cordless 1/4 in. Impact Driver with 2.0 Ah Battery and Charger,100
1675563710-28,Milwaukee,M12 12V Lithium-Ion Cordless 1/4 in. Right Angle Hex Impact Driver w/M12 Cordless Jig Saw and 6.0Ah XC Battery Pack,100
1675563712-29,Milwaukee,M12 12V Lithium-Ion Cordless 1/4 in. Right Angle Hex Impact Driver with M12 Rotary Tool and 6.0 Ah XC Battery Pack,100
1675563715-30,RYOBI,ONE+ HP 18V Brushless Cordless Compact 1/4 in. Impact Driver (Tool Only),100
1675563717-31,DEWALT,ATOMIC 20V MAX Cordless Brushless Compact 1/4 in. Impact Driver and MAX IMPACT Screwdriving Set (30-Piece),100
1675563720-32,Makita,18V LXT Lithium-Ion Brushless Cordless Impact Driver Kit (4.0 Ah),100
1675563722-33,DEWALT,ATOMIC 20V MAX Cordless Brushless Compact 1/4 in. Impact Driver and (1) 20V MAX XR Premium Lithium-Ion 5.0Ah Battery,100
1675563725-34,Milwaukee,M18 FUEL SURGE 18V Lithium-Ion Brushless Cordless 1/4 in. Hex Impact Driver Kit with M12 Pin Nailer & 2.0 Ah Battery,100
1675563727-35,DEWALT,ATOMIC 20V MAX Cordless Brushless Compact 1/4 in. Impact Driver with MAXFIT Right Angle Magnetic Attachment,100
1675563730-36,DEWALT,20V MAX Cordless 1/4 in. Impact Driver with 20V 3.0Ah Battery and 12V to 20V MAX Charger,100
